mean,std
0.229809,0.034405
-6.192653,5.585562
0.548208,0.372719
