mean,std
0.239146,0.013417
-4.266061,3.640622
0.407069,0.202030
