mean,std
0.246142,0.038414
-5.629624,5.557628
0.601357,0.362045
