mean,std
0.240827,0.061459
-6.620363,5.967947
0.598552,0.393404
