mean,std
0.243303,0.051322
-7.499124,6.503397
0.770190,0.401263
