mean,std
4.764353,1.102577
-4.736208,4.348335
0.409158,0.300490
