mean,std
0.248895,0.039366
-5.573056,5.356103
0.568694,0.366098
