mean,std
0.239045,0.016538
-4.801022,3.623272
0.403536,0.199628
