mean,std
0.244300,0.057426
-6.192653,5.585562
0.548208,0.372719
