mean,std
0.25589,0.01198
-5.10096,3.17911
0.43830,0.20208
