mean,std
0.23116,0.01350
-4.01815,2.25009
0.48297,0.17509
