mean,std
0.255748,0.012652
-5.050109,3.288252
0.431008,0.202299
