mean,std
0.25575,0.01265
-5.05011,3.28825
0.43101,0.20230
