mean,std
0.22889,0.01130
-2.99253,0.48553
0.50504,0.06019
