mean,std
0.22861,0.02386
-4.28888,2.69095
0.50549,0.17862
