mean,std
0.23146,0.01443
-4.01617,2.24671
0.48315,0.17487
